Name,OID,Reference
ROA,1.2.840.113549.1.9.16.1.24,[RFC6482]
Manifest,1.2.840.113549.1.9.16.1.26,[RFC6486]
Ghostbusters,1.2.840.113549.1.9.16.1.35,[RFC6493]
